7.59798E+17,"Pasca kecelakaan beruntun di Cianjur, Polda Jabar, KNKT dan Kemenhub olah tempat kejadian kecelakaan. #NET24 https://t.co/Ty4YbHkHHL",T
7.59617E+17,"Polisi tunda pemeriksaan sopir dan kernet truk, pasca kecelakaan beruntun di Cianjur. #NET12 https://t.co/Jl3O8wETC5",T
7.59435E+17,"Pascakecelakaan beruntun di Cianjur,tim traffic accident analysis Polda Jabar mengolah tempat kecelakaan. #NET24 https://t.co/n4ab56LJhM",T
7.59313E+17,"Tim forensik masih mengidentifikasi 10 korban akibat kecelakaan beruntun di Jalan Raya Sukabumi, Cianjur. #NET16 https://t.co/uNYnK8HtZN",T
7.53461E+17,Tim analisis kecelakaan Polda Sumatera Utara lakukan olah TKP kecelakaan beruntun 3 bus. #NET12 https://t.co/6sE4MBobgk,T
7.5343E+17,"Polisi belum tetapkan tersangka atas kasus kecelakaan beruntun 3 angkutan bus umum di Labuhan Batu, Sumut. #NET10 https://t.co/29GP8fiVpw",T
7.51464E+17,"Seluruh korban kecelakaan maut bus Parahyangan kini berada di Rumah Sakit Umum Cibabat, Cimahi. #NET24 https://t.co/PCJmrXCfhI",T
7.51463E+17,9 orang tewas akibat kecelakaan di Jalan Kolonel Masturi. Kecelakaan diduga akibat rem tidak berfungsi. #NET24 https://t.co/scypThbBZp,T
7.47989E+17,Mobil boks tergelincir hingga terjadi kecelakaan beruntun. Video kiriman Lutfi Hidayat. #NET10 https://t.co/6Ui96QOoWb,T
6.89625E+17,"Bpn saat ini hujan, Bagi Pemotor hindari Jas hujan ponco, krn kerap tjd kecelakaan akibat Ponco tersangkut roda blkg https://t.co/T5ACYwOuHD",F
6.87144E+17,"Bagi Pemotor hindari penggunaan Jas hujan Ponco, krn kerap terjadi kecelakaan akibat Ponco tersangkut roda blkg. https://t.co/T5ACYwOuHD",F
4.99478E+17,16.44 piket @satlantasbpn sedang melakukan evakuasi & penyelidikan penyebab tjdnya kecelakaan di lap merdeka bpn http://t.co/wnzGvMa5Z1,T
4.66076E+17,"12.45 kecelakaan di tanjakan dpn Stadion Lap.Tenis Jl.MT Haryono Dalam, dlm proses evakuasi ptugas @satlantasbpn http://t.co/6Le2QxLeWy",T
7.65627E+17,"02.13: Jasamarga: #TolDalkot Pluit KM 19 dari arah Angke ke arah Jembatan 3 tertutup, ada kecelakaan.",T
7.65346E+17,"07.36: JASAMARGA: Menjelang Kamal KM 23 di jalur atas arah Cawang Padat, dmpk penanganan kecelakaan di bahu jalan.",T
7.64368E+17,"14.50: #TolJanger: Karang Tengah - KM 16+200 arah ke Merak Padat, dampak penanganan kecelakaan di lajur 1/kiri.",T
7.64349E+17,"13.32: Senkom Jasamarga: Karawang Barat KM 47 - KM 42 arah Jakarta PADAT, ada penanganan kecelakaan Truk. #Tolckmpk",T
7.64344E+17,"13.15: Lalin Tol Tangerang arah Kbn Jeruk mulai macet imbas kecelakaan tunggal di KM 15, #Cuaca mendung. (P. Edo) https://t.co/j9msQB7HKH",T
7.6328E+17,"14.43: Terjadi kecelakaan di Jalan Lingkar Selatan sekitar daerah Ciwandan, Cilegon, Banten. via @akhmad_hasan https://t.co/yHwKYpyMrU",T
7.63277E+17,Start Tour Singkarak Etape V diundur akibat kecelakaan https://t.co/kfT8UK3QGF … https://t.co/J0jKWIRZi6,F
7.63168E+17,"Bus media peliputan Olimpiade Rio kecelakaan, 3 wartawan cedera https://t.co/EmzrNadHk7… https://t.co/mZHtbWoWCw",F
7.64386E+17,"Utamakan keselamatan dalam berkendara, kecelakaan terjadi di awali dengan pelanggaran lalu lintas. https://t.co/KoUIOIX5ZY",F
7.63287E+17,Pengaturan arus lalin siang dalam antisipasi kemacetan serta kecelakaan lalu lintas oleh pers lantas inhil. https://t.co/olIGhiixte,F
7.63187E+17,Kegiatan strong point pagi dlm mencegah angka kecelakaan serta kemacetan oleh satlantas res kampar https://t.co/IvNKUC16rF,F
7.62537E+17,senin pukul 04.30 wib telah tjd kecelakaan antara SPM dg mobil mitsubishi Truck Fuso BM 8463 TJ di KM 06 kab bgklis https://t.co/g7vfmQcHhK,T
7.61819E+17,"Telah terjadi kecelakaan materil di persimpangan Jalan Soekarno Hatta / Jalan Durian, kami… https://t.co/w6RRVN2y6l",T
7.61036E+17,Strong point oleh satlantas polresta pekanbaru di setiap simpul di daerah rawan macet serta kecelakaan lalin. https://t.co/UvEVOATeqx,F
7.61032E+17,Strong point oleh satlantas polres kampar dalam antisipasi kemacetan serta kecelakaan lalu lintas. https://t.co/tP3b0LbR3y,F
7.5963E+17,Pengaturan arus lalin siang oleh satlantas polres kampar dalam antisipasi kecelakaan serta kemacetan lalu lintas. https://t.co/Icfv7vivac,F
7.58533E+17,05.00 Wib telah terjadi kecelakaan spd mtr BM 6189 ED dng Bus BK 7854 LT di Groga Duri Kec.Mandau Kab.Bengkalis. https://t.co/yK928mMMdw,T
7.5781E+17,Ngebut d jalanan faktor utama kecelakaan. Tertib lah saat berkendaraan & hargailah sesama pengguna jalan lain nya. https://t.co/mGAqdO2Z6o,F
7.57765E+17,02.30 Wib kecelakaan tunggal spd mtr BM 6921 CO Jl.Lintas Timur KM. 49+500 Ds.Kiyap Jaya Kec.SeiKijang Kab.Pelalawan https://t.co/OdJKNBVBSW,T
7.54909E+17,06.30 Wib terjadi kecelakaan spd mtr BM 6299 OG dengan pejalan kaki di JL.Jend.Sudirman dpn purna MTQ P.Baru. https://t.co/jr7F8rb61p,T
7.53087E+17,09.00 telah terjadi kecelakaan sesama pengendara SPM di KM 103/104 Desa kabun kab. Rokan hulu.,T
7.52765E+17,04.00 Wib terjadi kecelakaan PickUp BA 8396 EF & Vario BM 5831 TW Lokasi: JL.Subrantas dpn UNRI Panam Pekanbaru. https://t.co/8r9i1wD9Qq,T
7.52759E+17,11.30 Wib terjadi kecelakaan Avanza B 2216 BKE & Beat BM 4574 YW. Lokasi: Lintas Pku Duri KM.96 Samsam Kab.Bengkalis https://t.co/ATqwZbR7Xv,T
7.48036E+17,Giat patroli R2 oleh satlantas polres dumai dalam antisipasi kemacetan serta kecelakaan dalam berlalulintas. https://t.co/nFRZX6SHaL,F
7.4439E+17,Giat patroli oleh satlantas polres siak dalam antisipas kecelakaan lalu lintas. https://t.co/CuT2uZsnqb,F
7.43703E+17,Giat patroli oleh satlantas polres kampar di jalan rawan longsor dalam antisipasi kemacetan serta kecelakaan lalin. https://t.co/CR9eGH2ODC,F
7.43701E+17,09.00 telah terjadi kecelakaan antara pengendara SPM dengan truck hino BE 9510 CF di jl. Lintas timur kab. Inhu. Dalam penangan petugas.,T
7.42983E+17,00.10 telah terjadi kecelakaan anatara SPM Honda revo dengan pejalan kaki di persimpangan jalan kuras senapelan pekanbaru.,T
7.42631E+17,14.30 Wib terjadi kecelakaan spd mtr BM 3390 VN dng pejalan kaki TKP: Desa Kuala Mulia Kec.Kualu Cenaku Kab.Inhu. https://t.co/bnONnVOKHf,T
7.4225E+17,01.15 dini hari tadi telah terjadi kecelakaan Spmtr Honda Beat BM 5285 EX dgn Spmtr Honda Supra km. 4 kec. Mandau kab. Bengkalis,T
7.42249E+17,09.50 telah terjadi kecelakaan truck colt diesel BA 9996 AO KM 213 kec. Seberida kab. Inhu. Dalam penanganan petugas.,T
7.40717E+17,20.30 telah terjadi kecelakaan SPM motor yamaha dengan truck colt diesel KM 238 Kab. Inhu. Dalam penanganan petugas.,T
7.39993E+17,19.30 telah terjadi kecelakaan tunggal mobil hino tronton B 9349 BEU di KM 255 kab. Inhil -riau. Tetap selalu waspada dan hati-hati.,T
7.39734E+17,RTMC DITLANTAS POLDA RIAU RTMC DITLANTAS POLDA RIAU: @INFO duri: kecelakaan tsb dalam penanganan petugas. https://t.co/TEjUvwZiQI,F
7.39713E+17,13.30 Wib Terjadi kecelakaan Spd Mtr BM 3123 VS dgn L300 BA 8397 EB. Ds.Serumpun Jaya Kec.Pasir Penyu Kab.Inhu. https://t.co/fdp69sakwp,T
7.38643E+17,10.00 telah terjadi kecelakaan antara sesama pengendara SPM di jl. Lintas duri-dumai . Dalam penanganan petugas.,T
7.38553E+17,Telah terjadi kecelakaan 03 juni pukul 16.00 di KM 142/143 desa ujung batu timur antara truck box colt diesel antara SPM Honda vario.,T
7.33495E+17,17.00 telah terjadi kecelakaan antara SPM Suzuki dengan Mobil (tanpa nopol) di jl. Hangtuah P.baru. dalam penanganan petugas.,T
7.3239E+17,"Gunakan jalur sesuai ketentuan, jangan melawan arus krn rawan kecelakaan. Kesadaran kita keselamatan semua. #keselamatanberlalulintas",F
7.32134E+17,14.00 telah terjadi kecelakaan antara KBM truck hyno dengan SPM yamaha di jl. Poros sp 1 kec. Tapung hilir. Dalam penanganan petugas.,T
7.32015E+17,23.30 telah terjadi kecelakaan antara SPM kawasaki ninja dengan SPM yamaha byson di Jl. Lintas Tengah desa kab. Inhu. Dlm penanganan petugas,T
7.32014E+17,Telah terjadi kecelakaan pukul 14.30 kemaren antara sesama pengendara SPM di jl. Putri tujuh Kota Dumai. Dalam penanganan petugas.,T
7.31326E+17,Telah terjadi kecelakaan pukul 18.30 wib td malam antara SPM dg MOBIL TOYOTA HILUX di jl Lintas sumatera kab Rohil. Dalam penanganan petugas,T
7.30684E+17,15.00 telah terjadi kecelakaan antar sesama pengendara SPM R2 di jalan lintas rengat -P. Reba kab. Inhu. Dalam penanganan petugas.,T
7.23365E+17,19.30 Telah terjadi kecelakaan spm motor dengan pejalan kaki. Dihimbau kepada pengendara maupun pejalan kaki agar selalu berhati-hati.,T
7.23344E+17,17.30 terjadi kecelakaan spd motor dengan KBM ford ranger double cabin KM 66+400 jalan accesroad PT. RAPP. Dalam penanganan petugas.,T
7.22362E+17,"Terjadi kecelakaan spd mtr BM 5831 JB dgn Mobil BM 1651 CN d jln lntas buatan delik,pelalawan.dlm penanganan petugas https://t.co/vLHUuNzYIa",T
7.64983E+17,"Jangan menggunakan earphones saat mengendarai sepeda motor (mendengarkan musik, dll), krn mengganggu konsentrasi & rawan kecelakaan.",F
7.6398E+17,"Jangan menggunakan earphones saat mengendarai sepeda motor (mendengarkan musik, dll), krn mengganggu konsentrasi & rawan kecelakaan.",F
7.6253E+17,13.03 Kanit Laka Polres Bogor memasang spanduk himbauan di lokasi-lokasi rawan kecelakaan lalu lintas #RTMCjabar https://t.co/8jXPf2YVFt,F
7.65867E+17,"Gunakan jalur sesuai ketentuan, jangan melawan arus krn rawan kecelakaan. Kesadaran kita keselamatan semua. https://t.co/wqmPTZjiQP",F
7.65834E+17,"Gunakan jalur sesuai ketentuan, jangan melawan arus krn rawan kecelakaan. Kesadaran kita keselamatan semua. https://t.co/wqmPTZjiQP",F
7.65588E+17,"Gunakan jalur sesuai ketentuan, jangan melawan arus krn rawan kecelakaan. Kesadaran kita keselamatan semua. https://t.co/wqmPTZjiQP",F
7.65323E+17,"Dahulukan selalu KA, menerobos Perlintasan Kereta yg telah memberikan isyarat utk berhenti dpt berakibat kecelakaan. https://t.co/flKntf9VCm",F
7.65323E+17,"Gunakan jalur sesuai ketentuan, jangan melawan arus krn rawan kecelakaan. Kesadaran kita keselamatan semua. https://t.co/LiTOs6jBlR",F
7.6523E+17,"Jangan mengemudikan kendaraan dalam kondisi mabuk atau terpengaruh minuman keras/Narkoba, karena rawan kecelakaan. https://t.co/jChI1Mm8wj",F
7.65172E+17,"Gunakan jalur sesuai ketentuan, jangan melawan arus krn rawan kecelakaan. Kesadaran kita keselamatan semua. https://t.co/PGR430kvyg",F
7.65136E+17,"Dahulukan selalu KA, menerobos Perlintasan Kereta yg telah memberikan isyarat utk berhenti dpt berakibat kecelakaan. https://t.co/flKntf9VCm",F
7.65128E+17,"Gunakan jalur sesuai ketentuan, jangan melawan arus karena rawan kecelakaan. Kesadaran kita keselamatan semua. https://t.co/3uZYZW4cNQ",F
7.65081E+17,"Gunakan jalur sesuai ketentuan, jangan melawan arus krn rawan kecelakaan. Kesadaran kita keselamatan semua. https://t.co/LiTOs6jBlR",F
7.65071E+17,"Gunakan jalur sesuai ketentuan, jangan melawan arus krn rawan kecelakaan. Kesadaran kita keselamatan semua. https://t.co/PGR430kvyg",F
7.65056E+17,"Dahulukan selalu KA, menerobos Perlintasan Kereta yg telah memberikan isyarat utk berhenti dpt berakibat kecelakaan. https://t.co/flKntf9VCm",F
7.65035E+17,"Gunakan jalur sesuai ketentuan, jangan melawan arus krn rawan kecelakaan. Kesadaran kita keselamatan semua. https://t.co/PGR430kvyg",F
7.65004E+17,"Gunakan jalur sesuai ketentuan, jangan melawan arus krn rawan kecelakaan. Kesadaran kita keselamatan semua https://t.co/wqmPTZjiQP",F
7.6499E+17,"Gunakan jalur sesuai ketentuan, jangan melawan arus krn rawan kecelakaan. Kesadaran kita keselamatan semua. https://t.co/wqmPTZjiQP",F
7.64981E+17,07.15 Penanganan kecelakaan di KM 30 Psr Rebo arah Kp. Rambutan melibatkan Truk B 9461 BYM dg Truk T 8226 M https://t.co/LHhd2tf7jV,T
7.6497E+17,"Dahulukan selalu KA, menerobos Perlintasan Kereta yg telah memberikan isyarat utk berhenti dpt berakibat kecelakaan. https://t.co/H0Re6GL4hD",F
7.64962E+17,"Gunakan jalur sesuai ketentuan, jangan melawan arus karena rawan kecelakaan. Kesadaran kita keselamatan semua. https://t.co/3uZYZW4cNQ",F
7.64945E+17,Bagi Pesepeda di himbau agar menggunakan lampu tambahan di malam hari utk mencegah kecelakaan lalu lintas. https://t.co/Hq0gNG0Z,F
7.64945E+17,"Gunakan jalur sesuai ketentuan, jangan melawan arus krn rawan kecelakaan. Kesadaran kita keselamatan semua. https://t.co/wqmPTZjiQP",F
7.64866E+17,23.48 kecelakaan antara taksi dengan pick up di underpass basuki rahmat jaktim @adeyanaadiaz18 https://t.co/ad7LZV8pU9,T
7.64865E+17,"23.42 kecelakaan di underpass pasar gembrong Jaktim, dlm penanganan #Polri @asrilyasir72 https://t.co/NigClzZ8RC",T
7.64366E+17,"14.42 Imbas penanganan kecelakaan di KM 16.200 Tol Alam Sutera arah Tangerang, lalin padat merayap https://t.co/ZgEUCxFIHb",T
7.64143E+17,"Jangan mengemudikan kendaraan dalam kondisi mabuk atau terpengaruh minuman keras/Narkoba, karena rawan kecelakaan. https://t.co/JKCveaJ8LJ",F
7.64049E+17,"Dahulukan selalu KA, menerobos Perlintasan Kereta yg telah memberikan isyarat utk berhenti dpt berakibat kecelakaan. https://t.co/flKntf9VCm",F
7.64041E+17,"Gunakan jalur sesuai ketentuan, jangan melawan arus karena rawan kecelakaan. Kesadaran kita keselamatan semua. https://t.co/3uZYZW4cNQ",F
7.63994E+17,"Gunakan jalur sesuai ketentuan, jangan melawan arus krn rawan kecelakaan. Kesadaran kita keselamatan semua. https://t.co/wqmPTZjiQP",F
7.63948E+17,"Gunakan jalur sesuai ketentuan, jangan melawan arus krn rawan kecelakaan. Kesadaran kita keselamatan semua. https://t.co/PGR430kvyg",F
7.63946E+17,"Dahulukan selalu KA, menerobos Perlintasan Kereta yg telah memberikan isyarat utk berhenti dpt berakibat kecelakaan. https://t.co/flKntf9VCm",F
7.6394E+17,"Gunakan jalur sesuai ketentuan, jangan melawan arus krn rawan kecelakaan. Kesadaran kita keselamatan semua. https://t.co/wqmPTZjiQP",F
7.63903E+17,"Gunakan jalur sesuai ketentuan, jangan melawan arus krn rawan kecelakaan. Kesadaran kita keselamatan semua. https://t.co/LiTOs6jBlR",F
7.63883E+17,"Dahulukan selalu KA, menerobos Perlintasan Kereta yg telah memberikan isyarat utk berhenti dpt berakibat kecelakaan. https://t.co/H0Re6GL4hD",F
7.63875E+17,"Gunakan jalur sesuai ketentuan, jangan melawan arus karena rawan kecelakaan. Kesadaran kita keselamatan semua. https://t.co/3uZYZW4cNQ",F
7.63781E+17,"Jangan mengemudikan kendaraan dalam kondisi mabuk atau terpengaruh minuman keras/Narkoba, karena rawan kecelakaan. https://t.co/jChI1Mm8wj",F
7.63686E+17,"Dahulukan selalu KA, menerobos Perlintasan Kereta yg telah memberikan isyarat utk berhenti dpt berakibat kecelakaan. https://t.co/flKntf9VCm",F
7.63679E+17,"Gunakan jalur sesuai ketentuan, jangan melawan arus karena rawan kecelakaan. Kesadaran kita keselamatan semua. https://t.co/3uZYZW4cNQ",F
7.63631E+17,"Gunakan jalur sesuai ketentuan, jangan melawan arus krn rawan kecelakaan. Kesadaran kita keselamatan semua. https://t.co/wqmPTZjiQP",F
7.63586E+17,"Gunakan jalur sesuai ketentuan, jangan melawan arus krn rawan kecelakaan. Kesadaran kita keselamatan semua. https://t.co/PGR430kvyg",F
7.63541E+17,"Gunakan jalur sesuai ketentuan, jangan melawan arus krn rawan kecelakaan. Kesadaran kita keselamatan semua. https://t.co/LiTOs6jBlR",F
7.6352E+17,"Dahulukan selalu KA, menerobos Perlintasan Kereta yg telah memberikan isyarat utk berhenti dpt berakibat kecelakaan. https://t.co/H0Re6GL4hD",F
7.63513E+17,"Gunakan jalur sesuai ketentuan, jangan melawan arus karena rawan kecelakaan. Kesadaran kita keselamatan semua. https://t.co/3uZYZW4cNQ",F
7.63141E+17,"05.33 Gunakan jalur sesuai ketentuan, jangan melawan arus krn rawan kecelakaan. Kesadaran kita keselamatan semua. https://t.co/wqmPTZjiQP",F
7.63056E+17,"Jangan mengemudikan kendaraan dalam kondisi mabuk atau terpengaruh minuman keras/Narkoba, karena rawan kecelakaan. https://t.co/JKCveaJ8LJ",F
7.62962E+17,"Dahulukan selalu KA, menerobos Perlintasan Kereta yg telah memberikan isyarat utk berhenti dpt berakibat kecelakaan. https://t.co/flKntf9VCm",F
7.62955E+17,Bagi Pemotor hindari penggunaan Jas hujan Ponco krn sering terjadi kecelakaan akibat Ponco tersangkut roda blkg https://t.co/jioYE3nggu,F
7.62954E+17,"Gunakan jalur sesuai ketentuan, jangan melawan arus karena rawan kecelakaan. Kesadaran kita keselamatan semua. https://t.co/3uZYZW4cNQ",F
7.6293E+17,"Bagi Pemotor hindari penggunaan Jas hujan Ponco, krn sering terjadi kecelakaan akibat Ponco tersangkut roda blkg https://t.co/jioYE3nggu",F
7.62906E+17,"Gunakan jalur sesuai ketentuan, jangan melawan arus krn rawan kecelakaan. Kesadaran kita keselamatan semua. https://t.co/wqmPTZjiQP",F
7.62898E+17,"Bagi Pemotor hindari penggunaan Jas hujan Ponco, krn sering terjadi kecelakaan akibat Ponco tersangkut roda blkg. https://t.co/jioYE3nggu",F
7.62885E+17,"Gunakan jalur sesuai ketentuan, jangan melawan arus krn rawan kecelakaan. Kesadaran kita keselamatan semua. https://t.co/wqmPTZjiQP",F
7.62861E+17,"Gunakan jalur sesuai ketentuan, jangan melawan arus krn rawan kecelakaan. Kesadaran kita keselamatan semua. https://t.co/PGR430kvyg",F
7.62816E+17,"Gunakan jalur sesuai ketentuan, jangan melawan arus krn rawan kecelakaan. Kesadaran kita keselamatan semua. https://t.co/LiTOs6jBlR",F
7.62796E+17,"Dahulukan selalu KA, menerobos Perlintasan Kereta yg telah memberikan isyarat utk berhenti dpt berakibat kecelakaan. https://t.co/H0Re6GL4hD",F
7.62788E+17,"Gunakan jalur sesuai ketentuan, jangan melawan arus karena rawan kecelakaan. Kesadaran kita keselamatan semua. https://t.co/3uZYZW4cNQ",F
7.62694E+17,"Jangan mengemudikan kendaraan dalam kondisi mabuk atau terpengaruh minuman keras/Narkoba, karena rawan kecelakaan. https://t.co/JKCveaJ8LJ",F
7.6267E+17,Bagi Pesepeda di himbau agar menggunakan lampu tambahan di malam hari utk mencegah kecelakaan lalu lintas. https://t.co/Hq0gNG0Z,F
7.62599E+17,"Dahulukan selalu KA, menerobos Perlintasan Kereta yg telah memberikan isyarat utk berhenti dpt berakibat kecelakaan. https://t.co/flKntf9VCm",F
7.62592E+17,"Gunakan jalur sesuai ketentuan, jangan melawan arus karena rawan kecelakaan. Kesadaran kita keselamatan semua. https://t.co/3uZYZW4cNQ",F
7.62544E+17,"Gunakan jalur sesuai ketentuan, jangan melawan arus krn rawan kecelakaan. Kesadaran kita keselamatan semua. https://t.co/LiTOs6jBlR",F
7.62499E+17,"Gunakan jalur sesuai ketentuan, jangan melawan arus krn rawan kecelakaan. Kesadaran kita keselamatan semua. https://t.co/PGR430kvyg",F
7.62453E+17,"Gunakan jalur sesuai ketentuan, jangan melawan arus krn rawan kecelakaan. Kesadaran kita keselamatan semua. https://t.co/wqmPTZjiQP",F
7.62451E+17,"Bagi Pemotor hindari penggunaan Jas hujan Ponco, krn kerap terjadi kecelakaan akibat Ponco tersangkut roda blkg. https://t.co/kj81lztCZe",F
7.62433E+17,"Dahulukan selalu KA, menerobos Perlintasan Kereta yg telah memberikan isyarat utk berhenti dpt berakibat kecelakaan. https://t.co/H0Re6GL4hD",F
7.62426E+17,"Gunakan jalur sesuai ketentuan, jangan melawan arus karena rawan kecelakaan. Kesadaran kita keselamatan semua. https://t.co/3uZYZW4cNQ",F
7.62331E+17,"Jangan mengemudikan kendaraan dalam kondisi mabuk atau terpengaruh minuman keras/Narkoba, karena rawan kecelakaan. https://t.co/jChI1Mm8wj",F
7.62321E+17,"Dahulukan selalu KA, menerobos Perlintasan Kereta yg telah memberikan isyarat utk berhenti dpt berakibat kecelakaan. https://t.co/IN9WymhPyC",F
7.62237E+17,"Dahulukan selalu KA, menerobos Perlintasan Kereta yg telah memberikan isyarat utk berhenti dpt berakibat kecelakaan. https://t.co/flKntf9VCm",F
7.62229E+17,"Gunakan jalur sesuai ketentuan, jangan melawan arus karena rawan kecelakaan. Kesadaran kita keselamatan semua. https://t.co/3uZYZW4cNQ",F
7.62205E+17,"15.40 Penanganan kecelakaan antara mobil dg motor di dpn gedung granadi Jl.HR Ras.Said Kuningan, hati2 saat melintas https://t.co/yxjRzfI544",T
7.62182E+17,"Gunakan jalur sesuai ketentuan, jangan melawan arus krn rawan kecelakaan. Kesadaran kita keselamatan semua. https://t.co/LiTOs6jBlR",F
7.62136E+17,"Gunakan jalur sesuai ketentuan, jangan melawan arus krn rawan kecelakaan. Kesadaran kita keselamatan semua. https://t.co/PGR430kvyg",F
7.62091E+17,"Gunakan jalur sesuai ketentuan, jangan melawan arus krn rawan kecelakaan. Kesadaran kita keselamatan semua. https://t.co/wqmPTZjiQP",F
7.62071E+17,"Dahulukan selalu KA, menerobos Perlintasan Kereta yg telah memberikan isyarat utk berhenti dpt berakibat kecelakaan. https://t.co/H0Re6GL4hD",F
7.62063E+17,"Gunakan jalur sesuai ketentuan, jangan melawan arus karena rawan kecelakaan. Kesadaran kita keselamatan semua. https://t.co/3uZYZW4cNQ",F
7.61808E+17,"Dahulukan selalu KA, menerobos Perlintasan Kereta yg telah memberikan isyarat utk berhenti dpt berakibat kecelakaan. https://t.co/IN9WymhPyC",F
7.61797E+17,"Gunakan jalur sesuai ketentuan, jangan melawan arus krn rawan kecelakaan. Kesadaran kita keselamatan semua. https://t.co/3uZYZW4cNQ",F
7.61786E+17,"Gunakan jalur sesuai ketentuan, jangan melawan arus krn rawan kecelakaan. Kesadaran kita keselamatan semua. https://t.co/3uZYZW4cNQ",F
7.61716E+17,"Dahulukan selalu KA, menerobos Perlintasan Kereta yg telah memberikan isyarat utk berhenti dpt berakibat kecelakaan. https://t.co/H0Re6GL4hD",F
7.61709E+17,06.35 Penanganan kecelakaan tunggal mobil Sedan B 602 SD di Km 00 Interchange Cawang arah Pancoran. Hati2 bila melintas,T
7.61606E+17,"Jangan mengemudikan kendaraan dalam kondisi mabuk atau terpengaruh minuman keras/Narkoba, karena rawan kecelakaan. https://t.co/jChI1Mm8wj",F
7.61512E+17,"Dahulukan selalu KA, menerobos Perlintasan Kereta yg telah memberikan isyarat utk berhenti dpt berakibat kecelakaan. https://t.co/flKntf9VCm",F
7.61505E+17,"Gunakan jalur sesuai ketentuan, jangan melawan arus karena rawan kecelakaan. Kesadaran kita keselamatan semua. https://t.co/3uZYZW4cNQ",F
7.61457E+17,"Gunakan jalur sesuai ketentuan, jangan melawan arus krn rawan kecelakaan. Kesadaran kita keselamatan semua. https://t.co/wqmPTZjiQP",F
7.61412E+17,"Gunakan jalur sesuai ketentuan, jangan melawan arus krn rawan kecelakaan. Kesadaran kita keselamatan semua. https://t.co/PGR430kvyg",F
7.61366E+17,"Gunakan jalur sesuai ketentuan, jangan melawan arus krn rawan kecelakaan. Kesadaran kita keselamatan semua. https://t.co/LiTOs6jBlR",F
7.61346E+17,"Dahulukan selalu KA, menerobos Perlintasan Kereta yg telah memberikan isyarat utk berhenti dpt berakibat kecelakaan. https://t.co/H0Re6GL4hD",F
7.61338E+17,"Gunakan jalur sesuai ketentuan, jangan melawan arus karena rawan kecelakaan. Kesadaran kita keselamatan semua. https://t.co/3uZYZW4cNQ",F
7.61244E+17,"Jangan mengemudikan kendaraan dalam kondisi mabuk atau terpengaruh minuman keras/Narkoba, karena rawan kecelakaan. https://t.co/JKCveaJ8LJ",F
7.6115E+17,"Dahulukan selalu KA, menerobos Perlintasan Kereta yg telah memberikan isyarat utk berhenti dpt berakibat kecelakaan. https://t.co/flKntf9VCm",F
7.61142E+17,"Gunakan jalur sesuai ketentuan, jangan melawan arus karena rawan kecelakaan. Kesadaran kita keselamatan semua. https://t.co/3uZYZW4cNQ",F
7.61094E+17,"Gunakan jalur sesuai ketentuan, jangan melawan arus krn rawan kecelakaan. Kesadaran kita keselamatan semua. https://t.co/wqmPTZjiQP",F
7.61049E+17,"Gunakan jalur sesuai ketentuan, jangan melawan arus krn rawan kecelakaan. Kesadaran kita keselamatan semua. https://t.co/PGR430kvyg",F
7.61004E+17,"Gunakan jalur sesuai ketentuan, jangan melawan arus krn rawan kecelakaan. Kesadaran kita keselamatan semua. https://t.co/LiTOs6jBlR",F
7.60997E+17,07:32 Petugas membantu pengendara yg mengalami kecelakaan di seputaran bumi wiyata margonda. https://t.co/5u4i6hOoYK @restadepok,T
7.60984E+17,"Dahulukan selalu KA, menerobos Perlintasan Kereta yg telah memberikan isyarat utk berhenti dpt berakibat kecelakaan. https://t.co/H0Re6GL4hD",F
7.60976E+17,"Gunakan jalur sesuai ketentuan, jangan melawan arus karena rawan kecelakaan. Kesadaran kita keselamatan semua. https://t.co/3uZYZW4cNQ",F
7.60882E+17,"Jangan mengemudikan kendaraan dalam kondisi mabuk atau terpengaruh minuman keras/Narkoba, karena rawan kecelakaan. https://t.co/jChI1Mm8wj",F
7.60787E+17,"Dahulukan selalu KA, menerobos Perlintasan Kereta yg telah memberikan isyarat utk berhenti dpt berakibat kecelakaan. https://t.co/flKntf9VCm",F
7.6078E+17,"Gunakan jalur sesuai ketentuan, jangan melawan arus karena rawan kecelakaan. Kesadaran kita keselamatan semua. https://t.co/3uZYZW4cNQ",F
7.60732E+17,"Gunakan jalur sesuai ketentuan, jangan melawan arus krn rawan kecelakaan. Kesadaran kita keselamatan semua. https://t.co/wqmPTZjiQP",F
7.60687E+17,"Gunakan jalur sesuai ketentuan, jangan melawan arus krn rawan kecelakaan. Kesadaran kita keselamatan semua. https://t.co/PGR430kvyg",F
7.60641E+17,"Gunakan jalur sesuai ketentuan, jangan melawan arus krn rawan kecelakaan. Kesadaran kita keselamatan semua. https://t.co/LiTOs6jBlR",F
7.60621E+17,"Dahulukan selalu KA, menerobos Perlintasan Kereta yg telah memberikan isyarat utk berhenti dpt berakibat kecelakaan. https://t.co/H0Re6GL4hD",F
7.60614E+17,"Gunakan jalur sesuai ketentuan, jangan melawan arus karena rawan kecelakaan. Kesadaran kita keselamatan semua. https://t.co/3uZYZW4cNQ",F
7.60468E+17,"Bagi Pemotor hindari penggunaan Jas hujan Ponco, krn kerap terjadi kecelakaan akibat Ponco tersangkut roda blkg. https://t.co/kj81lztCZe",F
7.60417E+17,"Gunakan jalur sesuai ketentuan, jangan melawan arus karena rawan kecelakaan. Kesadaran kita keselamatan semua. https://t.co/3uZYZW4cNQ",F
7.60251E+17,"Gunakan jalur sesuai ketentuan, jangan melawan arus karena rawan kecelakaan. Kesadaran kita keselamatan semua. https://t.co/3uZYZW4cNQ",F
7.60157E+17,"Jangan mengemudikan kendaraan dalam kondisi mabuk atau terpengaruh minuman keras/Narkoba, karena rawan kecelakaan. https://t.co/JKCveaJ8LJ",F
7.60063E+17,"Dahulukan selalu KA, menerobos Perlintasan Kereta yg telah memberikan isyarat utk berhenti dpt berakibat kecelakaan. https://t.co/H0Re6GL4hD",F
7.60059E+17,"17.23 Penanganan kecelakaan melibatkan kendaraan Rush B 1362 PFX dg Luxio B 1720 UKF, lokasi jelang GT Kuningan 2 https://t.co/JqJ9l4I8db",T
7.60055E+17,"Gunakan jalur sesuai ketentuan, jangan melawan arus karena rawan kecelakaan. Kesadaran kita keselamatan semua. https://t.co/3uZYZW4cNQ",F
7.60007E+17,"Gunakan jalur sesuai ketentuan, jangan melawan arus krn rawan kecelakaan. Kesadaran kita keselamatan semua. https://t.co/wqmPTZjiQP",F
7.60006E+17,"13.57 Penanganan kecelakaan mobil terbalik di tol bandara soetta msh berlangsung, lalin padat @dillah_bolo2 https://t.co/Qx1gyAgyza",T
7.59962E+17,"Gunakan jalur sesuai ketentuan, jangan melawan arus krn rawan kecelakaan. Kesadaran kita keselamatan semua. https://t.co/PGR430kvyg",F
7.59917E+17,"Gunakan jalur sesuai ketentuan, jangan melawan arus krn rawan kecelakaan. Kesadaran kita keselamatan semua. https://t.co/LiTOs6jBlR",F
7.59896E+17,"Dahulukan selalu KA, menerobos Perlintasan Kereta yg telah memberikan isyarat utk berhenti dpt berakibat kecelakaan. https://t.co/flKntf9VCm",F
7.59889E+17,"Gunakan jalur sesuai ketentuan, jangan melawan arus karena rawan kecelakaan. Kesadaran kita keselamatan semua. https://t.co/3uZYZW4cNQ",F
7.59795E+17,"Jangan mengemudikan kendaraan dalam kondisi mabuk atau terpengaruh minuman keras/Narkoba, karena rawan kecelakaan. https://t.co/jChI1Mm8wj",F
7.597E+17,"Dahulukan selalu KA, menerobos Perlintasan Kereta yg telah memberikan isyarat utk berhenti dpt berakibat kecelakaan. https://t.co/flKntf9VCm",F
7.59693E+17,"Gunakan jalur sesuai ketentuan, jangan melawan arus karena rawan kecelakaan. Kesadaran kita keselamatan semua. https://t.co/3uZYZW4cNQ",F
7.59645E+17,"Gunakan jalur sesuai ketentuan, jangan melawan arus krn rawan kecelakaan. Kesadaran kita keselamatan semua. https://t.co/wqmPTZjiQP",F
7.596E+17,"Gunakan jalur sesuai ketentuan, jangan melawan arus krn rawan kecelakaan. Kesadaran kita keselamatan semua. https://t.co/PGR430kvyg",F
7.59554E+17,"Gunakan jalur sesuai ketentuan, jangan melawan arus krn rawan kecelakaan. Kesadaran kita keselamatan semua. https://t.co/LiTOs6jBlR",F
7.59534E+17,"Dahulukan selalu KA, menerobos Perlintasan Kereta yg telah memberikan isyarat utk berhenti dpt berakibat kecelakaan. https://t.co/H0Re6GL4hD",F
7.59527E+17,06.13 Penanganan kecelakaan tunggal Honda Mobilio B 1761 CKW terbalik di KM 29..400 Tol Cengkareng arah Pluit https://t.co/bu9O4fTgnm,T
7.59527E+17,"Gunakan jalur sesuai ketentuan, jangan melawan arus karena rawan kecelakaan. Kesadaran kita keselamatan semua. https://t.co/3uZYZW4cNQ",F
7.5951E+17,"Gunakan jalur sesuai ketentuan, jangan melawan arus krn rawan kecelakaan. Kesadaran kita keselamatan semua. https://t.co/wqmPTZjiQP",F
7.59509E+17,"05.00 Penanganan kecelakaan di Tol Jorr KM 23.500 Fatmawati arah Serpong, Korban pengendara avanza luka ringan https://t.co/r40DoOmLyo",T
7.59505E+17,04.45 Penanganan kecelakaan di Tol Jorr KM 23.500 (fatmawati) melibatkan kendaraan Avanza B 1024 KRY dg Dump Truk https://t.co/plKmqSJ6sr,T
7.59432E+17,"Jangan mengemudikan kendaraan dalam kondisi mabuk atau terpengaruh minuman keras/Narkoba, karena rawan kecelakaan. https://t.co/JKCveaJ8LJ",F
7.59338E+17,"Dahulukan selalu KA, menerobos Perlintasan Kereta yg telah memberikan isyarat utk berhenti dpt berakibat kecelakaan. https://t.co/flKntf9VCm",F
7.5933E+17,"Gunakan jalur sesuai ketentuan, jangan melawan arus karena rawan kecelakaan. Kesadaran kita keselamatan semua. https://t.co/3uZYZW4cNQ",F
7.59283E+17,"Gunakan jalur sesuai ketentuan, jangan melawan arus krn rawan kecelakaan. Kesadaran kita keselamatan semua. https://t.co/wqmPTZjiQP",F
7.59237E+17,"Gunakan jalur sesuai ketentuan, jangan melawan arus krn rawan kecelakaan. Kesadaran kita keselamatan semua. https://t.co/PGR430kvyg",F
7.59193E+17,"Gunakan jalur sesuai ketentuan, jangan melawan arus krn rawan kecelakaan. Kesadaran kita keselamatan semua. https://t.co/LiTOs6jBlR",F
7.59187E+17,"Gunakan jalur sesuai ketentuan, jangan melawan arus krn rawan kecelakaan. Kesadaran kita keselamatan semua. https://t.co/wqmPTZjiQP",F
7.59172E+17,"Dahulukan selalu KA, menerobos Perlintasan Kereta yg telah memberikan isyarat utk berhenti dpt berakibat kecelakaan. https://t.co/H0Re6GL4hD",F
7.59164E+17,"Gunakan jalur sesuai ketentuan, jangan melawan arus karena rawan kecelakaan. Kesadaran kita keselamatan semua. https://t.co/3uZYZW4cNQ",F
7.58835E+17,"08.20 Terjadi kecelakaan, kontainer petikemas terbalik di Tol Cilegon KM 78. Hati2 bila melintas @imontttt https://t.co/ZM79tJrSTa",T
7.58707E+17,"Jangan mengemudikan kendaraan dalam kondisi mabuk atau terpengaruh minuman keras/Narkoba, karena rawan kecelakaan. https://t.co/jChI1Mm8wj",F
7.58613E+17,"Dahulukan selalu KA, menerobos Perlintasan Kereta yg telah memberikan isyarat utk berhenti dpt berakibat kecelakaan. https://t.co/flKntf9VCm",F
7.58605E+17,"Gunakan jalur sesuai ketentuan, jangan melawan arus karena rawan kecelakaan. Kesadaran kita keselamatan semua. https://t.co/3uZYZW4cNQ",F
7.58558E+17,"Gunakan jalur sesuai ketentuan, jangan melawan arus krn rawan kecelakaan. Kesadaran kita keselamatan semua. https://t.co/wqmPTZjiQP",F
7.58516E+17,"Dahulukan selalu KA, menerobos Perlintasan Kereta yg telah memberikan isyarat utk berhenti dpt berakibat kecelakaan. https://t.co/H0Re6GL4hD",F
7.58512E+17,"Gunakan jalur sesuai ketentuan, jangan melawan arus krn rawan kecelakaan. Kesadaran kita keselamatan semua. https://t.co/PGR430kvyg",F
7.5787E+17,"16:23 Traffic light McDonald Jl. Raden Inten alami gangguan, petugas Dishub sdh dihubungi untuk perbaikan karena rawan kecelakaan.",F
7.57864E+17,"Dahulukan selalu KA, menerobos Perlintasan Kereta yg telah memberikan isyarat utk berhenti dpt berakibat kecelakaan. https://t.co/IN9WymhPyC",F
7.57863E+17,"Gunakan jalur sesuai ketentuan, jangan melawan arus krn rawan kecelakaan. Kesadaran kita keselamatan semua. https://t.co/LiTOs6jBlR",F
7.57833E+17,"Gunakan jalur sesuai ketentuan, jangan melawan arus krn rawan kecelakaan. Kesadaran kita keselamatan semua. https://t.co/wqmPTZjiQP",F
7.57814E+17,"Gunakan jalur sesuai ketentuan, jangan melawan arus krn rawan kecelakaan. Kesadaran kita keselamatan semua. https://t.co/3uZYZW4cNQ",F
7.57814E+17,"Gunakan jalur sesuai ketentuan, jangan melawan arus krn rawan kecelakaan. Kesadaran kita keselamatan semua. https://t.co/PGR430kvyg",F
7.57813E+17,"Dahulukan selalu KA, menerobos Perlintasan Kereta yg telah memberikan isyarat utk berhenti dpt berakibat kecelakaan. https://t.co/flKntf9VCm",F
7.57813E+17,"Gunakan jalur sesuai ketentuan, jangan melawan arus krn rawan kecelakaan. Kesadaran kita keselamatan semua. https://t.co/wqmPTZjiQP",F
7.57788E+17,"Gunakan jalur sesuai ketentuan, jangan melawan arus krn rawan kecelakaan. Kesadaran kita keselamatan semua. https://t.co/LiTOs6jBlR",F
7.57742E+17,"Gunakan jalur sesuai ketentuan, jangan melawan arus krn rawan kecelakaan. Kesadaran kita keselamatan semua. https://t.co/PGR430kvyg",F
7.57722E+17,"Dahulukan selalu KA, menerobos Perlintasan Kereta yg telah memberikan isyarat utk berhenti dpt berakibat kecelakaan. https://t.co/H0Re6GL4hD",F
7.57715E+17,"Gunakan jalur sesuai ketentuan, jangan melawan arus karena rawan kecelakaan. Kesadaran kita keselamatan semua. https://t.co/3uZYZW4cNQ",F
7.5762E+17,"Jangan mengemudikan kendaraan dalam kondisi mabuk atau terpengaruh minuman keras/Narkoba, karena rawan kecelakaan. https://t.co/jChI1Mm8wj",F
7.57526E+17,"Dahulukan selalu KA, menerobos Perlintasan Kereta yg telah memberikan isyarat utk berhenti dpt berakibat kecelakaan. https://t.co/flKntf9VCm",F
7.57518E+17,"Gunakan jalur sesuai ketentuan, jangan melawan arus karena rawan kecelakaan. Kesadaran kita keselamatan semua. https://t.co/3uZYZW4cNQ",F
7.57471E+17,"Gunakan jalur sesuai ketentuan, jangan melawan arus krn rawan kecelakaan. Kesadaran kita keselamatan semua. https://t.co/wqmPTZjiQP",F
7.57465E+17,"Bagi Pemotor hindari penggunaan Jas hujan Ponco, krn sering terjadi kecelakaan akibat Ponco tersangkut roda blkg. https://t.co/jioYE3nggu",F
7.57425E+17,"Gunakan jalur sesuai ketentuan, jangan melawan arus krn rawan kecelakaan. Kesadaran kita keselamatan semua. https://t.co/PGR430kvyg",F
7.57421E+17,"Dahulukan selalu KA, menerobos Perlintasan Kereta yg telah memberikan isyarat utk berhenti dpt berakibat kecelakaan. https://t.co/H0Re6GL4hD",F
7.5738E+17,"Gunakan jalur sesuai ketentuan, jangan melawan arus krn rawan kecelakaan. Kesadaran kita keselamatan semua. https://t.co/LiTOs6jBlR",F
7.5736E+17,"Dahulukan selalu KA, menerobos Perlintasan Kereta yg telah memberikan isyarat utk berhenti dpt berakibat kecelakaan. https://t.co/H0Re6GL4hD",F
7.57352E+17,"Gunakan jalur sesuai ketentuan, jangan melawan arus karena rawan kecelakaan. Kesadaran kita keselamatan semua. https://t.co/3uZYZW4cNQ",F
7.57227E+17,"21:16 Traffic light Pertanian, Jaksel alami gangguan, petugas Dishub sdh dihubungi untuk perbaikan karena rawan kecelakaan",F
7.56895E+17,"Jangan mengemudikan kendaraan dalam kondisi mabuk atau terpengaruh minuman keras/Narkoba, karena rawan kecelakaan. https://t.co/JKCveaJ8LJ",F
7.56823E+17,"Bagi Pemotor hindari penggunaan Jas hujan Ponco, krn kerap terjadi kecelakaan akibat Ponco tersangkut roda blkg. https://t.co/kj81lztCZe",F
7.56801E+17,"Dahulukan selalu KA, menerobos Perlintasan Kereta yg telah memberikan isyarat utk berhenti dpt berakibat kecelakaan. https://t.co/flKntf9VCm",F
7.56794E+17,"Gunakan jalur sesuai ketentuan, jangan melawan arus karena rawan kecelakaan. Kesadaran kita keselamatan semua. https://t.co/3uZYZW4cNQ",F
7.56746E+17,"Gunakan jalur sesuai ketentuan, jangan melawan arus krn rawan kecelakaan. Kesadaran kita keselamatan semua. https://t.co/wqmPTZjiQP",F
7.567E+17,"Gunakan jalur sesuai ketentuan, jangan melawan arus krn rawan kecelakaan. Kesadaran kita keselamatan semua. https://t.co/PGR430kvyg",F
7.56655E+17,"Gunakan jalur sesuai ketentuan, jangan melawan arus krn rawan kecelakaan. Kesadaran kita keselamatan semua. https://t.co/LiTOs6jBlR",F
7.56646E+17,"07:24 Imbas penanganan kecelakaan di KM 15, Tol Bekasi Barat arah ke Cikampek lalin padat. https://t.co/GKT5iwVBsI @Liannisation",T
7.56635E+17,"Dahulukan selalu KA, menerobos Perlintasan Kereta yg telah memberikan isyarat utk berhenti dpt berakibat kecelakaan. https://t.co/H0Re6GL4hD",F
7.56627E+17,"Gunakan jalur sesuai ketentuan, jangan melawan arus karena rawan kecelakaan. Kesadaran kita keselamatan semua. https://t.co/3uZYZW4cNQ",F
7.56538E+17,"00:12 Imbas penanganan kecelakaan tabrak lari di Patal, Pal Merah arah ke Permata Hijau lalin padat. https://t.co/VEQtQeYmwZ @bibilmantap",T
7.56533E+17,"Jangan mengemudikan kendaraan dalam kondisi mabuk atau terpengaruh minuman keras/Narkoba, karena rawan kecelakaan. https://t.co/jChI1Mm8wj",F
7.56439E+17,"Dahulukan selalu KA, menerobos Perlintasan Kereta yg telah memberikan isyarat utk berhenti dpt berakibat kecelakaan. https://t.co/flKntf9VCm",F
7.56383E+17,"Gunakan jalur sesuai ketentuan, jangan melawan arus krn rawan kecelakaan. Kesadaran kita keselamatan semua. https://t.co/LiTOs6jBlR",F
7.56338E+17,"Gunakan jalur sesuai ketentuan, jangan melawan arus krn rawan kecelakaan. Kesadaran kita keselamatan semua. https://t.co/PGR430kvyg",F
7.56304E+17,08:42 Petugas P3S @DinsosDKI1 menolong kecelakaan Pemotor di Kawasan Cililitan Jaktim. https://t.co/YepN95nOhv,T
7.56293E+17,"Gunakan jalur sesuai ketentuan, jangan melawan arus krn rawan kecelakaan. Kesadaran kita keselamatan semua. https://t.co/wqmPTZjiQP",F
7.56273E+17,"Dahulukan selalu KA, menerobos Perlintasan Kereta yg telah memberikan isyarat utk berhenti dpt berakibat kecelakaan. https://t.co/H0Re6GL4hD",F
7.56265E+17,"Gunakan jalur sesuai ketentuan, jangan melawan arus karena rawan kecelakaan. Kesadaran kita keselamatan semua. https://t.co/3uZYZW4cNQ",F
7.56254E+17,"Dahulukan selalu KA, menerobos Perlintasan Kereta yg telah memberikan isyarat utk berhenti dpt berakibat kecelakaan. https://t.co/H0Re6GL4hD",F
7.56241E+17,"Gunakan jalur sesuai ketentuan, jangan melawan arus krn rawan kecelakaan. Kesadaran kita keselamatan semua. https://t.co/wqmPTZjiQP",F
7.65016E+17,09.39 Kanit Laka Satlantas Polres Bogor Memasang Spanduk Himbauan di titik rawan kecelakaan lalu lintas #RTMCjabar https://t.co/o9TT8y7SPD,F
7.64489E+17,22.47 Penindakan kepada angkot yang melanggar dan berpotensi kecelakaan lalu lintas #RTMCjabar https://t.co/mioNpegpk7,F
7.6253E+17,13.03 Kanit Laka Polres Bogor memasang spanduk himbauan di lokasi-lokasi rawan kecelakaan lalu lintas #RTMCjabar https://t.co/ZcQKwmooci,F
7.49442E+17,10.16 telah terjadi kecelakaan lalu lintas depan gedung BPJS Cisarua sdg dlm evakuasi petugas #RTMCjabar https://t.co/Hz4MivR2AC,T
7.49143E+17,14.28 Evakuasi korban dan kendaraan kecelakaan lalu lintas di KM 34 Tol Jagorawi arah Ciawi #RTMCjabar https://t.co/2h3bCByYfB,T
7.43248E+17,"08.03 Patroli bahu jalan Tol Jagorawi, antisipasi kejahatan jalanan dan kecelakaan lalu lintas #RTMCjabar https://t.co/cqzxtmx4Eg",F
7.3526E+17,07.02 Evakuasi kendaraan yang mengalami kecelakaan tunggal di Jl. Tegar Beriman Cibinong #RTMCjabar https://t.co/LQXffpaAVQ,T
7.349E+17,07.13 Mohon maaf perjalan Anda terganggu ada kecelakaan truk di sekitaran Ranji Ciawi #RTMCjabar https://t.co/BXtjcLP9Me,T
7.3429E+17,14.50 Simpang Taman Safari arah Jakarta cukup padat imbas kecelakaan Bus di Simpang Citeko #RTMCjabar https://t.co/Rr21guUYzv,T
7.31745E+17,"Dahulukan selalu KA, menerobos Perlintasan Kereta yg telah memberikan isyarat utk berhenti dpt berakibat kecelakaan. https://t.co/8dPOMYIL42",F
7.2333E+17,08.57 Evakuasi kecelakaan Truk tangki Pertamina di Jalan Raya Cigudeg Jasinga #RTMCjabar https://t.co/dFzcEaQCtw,T
7.23292E+17,06.25 terjadi kecelakaan tunggal di Tol Jagorawi kilometer 26 arah Jakarta #RTMCjabar https://t.co/HKOZ46huzP,T
7.19076E+17,"15.12 terjadi kecelakaan lalu lintas di Simpang pasir muncang,dlm penanganan petugas https://t.co/RcMhkefaJn",T
7.64348E+17,"13.27 Tol_Japek Karawang Barat KM 47 - KM 42 arah Jakarta PADAT, ada penanganan kecelakaan Truk.",T
7.57763E+17,"09.21 Tol_Japek Cibatu - Karawang Barat KM 45+700 PADAT, penanganan kecelakaan di lajur 1/kiri dan bahu jalan.",T
7.56664E+17,"08.36 Tol_Japek Cikunir - Bekasi Barat PADAT, kepadatan vol lalin. Tambun - Cibitung KM 23 PADAT, penanganan kecelakaan di bahu jalan.",T
7.51241E+17,"09.27 Tol_Japek Cikunir - Bekasi Tmr KM 17 PADAT, penanganan kecelakaan. ; Cikampek - Dawuan - Cikarang - Cikunir - Cawang LANCAR",T
7.49472E+17,"12.15 Cikarang Pusat KM 37 - Karawang Timur KM 51+350 PADAT, penanganan kecelakaan di bahu jalan.",T
7.46489E+17,"06.43 Tol_Japek Cikunir - Bekasi Barat PADAT, ada kecelakaan di KM 13+600. KM 27 - KM 29 arah Cikampek PADAT, antrian GT Cikarang Utama",T
7.43244E+17,Jangan menerobos palang pintu kereta api yang sudah ditutup karena dapat mengakibatkan kecelakaan. https://t.co/kIR12Ptibv,F
7.32861E+17,"16.12 Tol_Japek Cikarang Barat KM 30 - Bekasi Barat PADAT, antrian GT Cikarang Utama 2 dan DAMPAK selesai penanganan kecelakaan.",T
7.29938E+17,Jgn menggunakan #earphones saat mengendarai spd motor mendengarkan musik krn mengganggu konsentrasi rawan kecelakaan https://t.co/S0xmePGCFv,F
7.25833E+17,"06.44 Tol_Japek Tambun - Cibitung KM 24 PADAT, penanganan kecelakaan di lajur kiri.",T
7.23513E+17,"Jangan mengemudikan kendaraan dalam kondisi mabuk atau terpengaruh minuman keras/Narkoba, krn rawan kecelakaan. https://t.co/CGmmg8rMBH",F
7.2278E+17,"Jangan mengemudikan kendaraan dlm kondisi mabuk atau terpengaruh minuman keras/Narkoba, krn rawan kecelakaan. https://t.co/ud6oSCeMt2",F
7.22389E+17,"Bagi Pemotor hindari penggunaan Jas hujan Ponco, krn kerap terjadi kecelakaan akibat Ponco tersangkut roda blkg. https://t.co/NuxupmyHBO",F
7.20822E+17,"Menemukan/mengalami kecelakaan, tawuran info lalu lintas atau kejahatan di jalan? Hub TMC RESTA BEKASI 08119712971. https://t.co/6TqlGPV1s3",F
7.20791E+17,"Bagi Pemotor hindari penggunaan Jas hujan Ponco, krn kerap terjadi kecelakaan akibat Ponco tersangkut roda blkg. https://t.co/kZgDI3ClO8",F
7.20193E+17,"Dahulukan selalu KA, menerobos Perlintasan Kereta yg tlh memberikan isyarat utk berhenti dpt berakibat kecelakaan. https://t.co/GowozGaVwl",F
7.19316E+17,07.06 Lalin Exit Tol Cikarang barat lancar arah Lippo maupun Jababeka imbas kecelakaan KM 25. @TMCPoldaMetro https://t.co/dtXYAAPPec,T
7.19302E+17,06.11 Bekasi timur arah Cikampek padat imbas kecelakaan mobil terguling di KM 25 dalam penanganan petugas. https://t.co/iiaaOPIbzb,T
7.18701E+17,"14.25 Tol_Japek Cikarang Barat - Bekasi Barat KM 13+800 PADAT, penanganan kecelakaan di bahu jalan.",T
7.12107E+17,"09.40 Tol_Japek Menjelang Cikarang Timur KM 39 arah Cikampek PADAT, ada Evakuasi kendaraan kecelakaan yang lalu.",T
7.11032E+17,"Dahulukan selalu KA, menerobos Perlintasan Kereta yg tlh memberikan isyarat utk berhenti dpt berakibat kecelakaan. https://t.co/x8mLr5B27u",F
7.10008E+17,"Dahulukan selalu KA, menerobos Perlintasan Kereta yg tlh memberikan isyarat utk berhenti dpt berakibat kecelakaan. https://t.co/6raEsFY9Ij",F
7.07362E+17,"07.26 Tol_Japek Bekasi Timur KM 15 - KM 16 arah Cikampek PADAT, dampak SELESAI PENANGANAN kecelakaan.",T
7.07362E+17,"07.26 Tol_Japek Menjelang Cikarang Brt KM 28 arah Cikampek PADAT, evakuasi kecelakaan yg lalu di bahu jalan. https://t.co/dlUVHAjn9c",T
7.0735E+17,"06.36 Tol_Japek Bekasi Timur KM 15 - KM 16 arah Cikampek PADAT, penanganan kecelakaan. https://t.co/cKYlbN7FPt",T
7.06686E+17,"Dahulukan selalu KA, menerobos Perlintasan Kereta yg tLh memberikan isyarat utk berhenti dpt berakibat kecelakaan. https://t.co/tRFDbW8D8W",F
7.06085E+17,"Dahulukan selalu KA, menerobos Perlintasan Kereta yg tLh memberikan isyarat utk berhenti dpt berakibat kecelakaan. https://t.co/73kPdOY69X",F
7.05966E+17,"Menemukan/mengalami kecelakaan, tawuran info lalu lintas atau kejahatan di jalan? Hub TMC RESTA BEKASI 08119712971. https://t.co/T8XlUxMH2x",F
7.05931E+17,o8.36wib wajib nyalakan lampu siang maupun malam hari untuk mengurangi kecelakaan https://t.co/ZDppmdT0Lq,F
7.0593E+17,08.36wib di himbau tidak menggunakan jas hujan seperti ini yang dapat mengakibatkan kecelakaan https://t.co/uMo6Yy47yN,F
7.04528E+17,"11.46 Tol_Japek Cibitung KM 26 - KM 23 arah Jakarta PADAT, penanganan kecelakaan di lajur kiri. https://t.co/o1SLj5zLYk",T
7.04497E+17,"Bagi Pemotor hindari penggunaan Jas hujan Ponco,krn kerap terjadi kecelakaan akibat Ponco tersangkut roda belakang. https://t.co/SSFt2GAaJ2",F
7.0411E+17,"Menemukan/mengalami kecelakaan, tawuran, info lalu lintas atau kejahatan di jalan? Hub TMC RESTA BEKASI 08119712971. https://t.co/x2PnGkuVZD",F
7.03856E+17,"Bagi Pemotor hindari penggunaan Jas hujan Ponco,krn kerap terjadi kecelakaan akibat Ponco tersangkut roda belakang. https://t.co/pTWG1bJhUF",F
7.03855E+17,"Dahulukan selalu KA, menerobos Perlintasan Kereta yg tlh memberikan isyarat utk berhenti dpt berakibat kecelakaan. https://t.co/YZgSxE3alw",F
6.915E+17,"Dahulukan selalu KA, menerobos Perlintasan Kereta yg tlh memberikan isyarat utk berhenti dpt berakibat kecelakaan. https://t.co/0QqJ2SMGy1",F
6.91435E+17,"Bagi Pemotor hindari penggunaan Jas hujan Ponco,krn kerap terjadi kecelakaan akibat Ponco tersangkut roda belakang. https://t.co/S9msqEk5Qu",F
6.90483E+17,"Dahulukan selalu KA, menerobos Perlintasan Kereta yg tlh memberikan isyarat utk berhenti dpt berakibat kecelakaan. https://t.co/ey2wlObrbS",F
6.89969E+17,"Dahulukan selalu KA, menerobos Perlintasan Kereta yg tLh memberikan isyarat utk berhenti dpt berakibat kecelakaan. https://t.co/0Xbf6PtR5y",F
6.88755E+17,"Jangan mengemudikan kendaraan dalam kondisi mabuk atau terpengaruh minuman keras/Narkoba, karna rawan kecelakaan. https://t.co/YVPcSHfgp6",F
6.88725E+17,"Gunakan jalur sesuai ketentuan, jangan melawan arus krn rawan kecelakaan. Kesadaran kita keselamatan semua. https://t.co/s7zYd2V84Z",F
6.86842E+17,"16.28 WIB #Tol_Japek Kondisi arus lalin KM 25 Cibitung arah Jakarta padat,imbas penanganan kecelakaan. https://t.co/AjQZaZXpwD",T
6.86841E+17,"16.25 WIB #Tol_Japek Cikarang Utama - KM 22+400 PADAT, dampak penanganan kecelakaan. Akses Keluar tol terdekat di KM 24.",T
6.86708E+17,"Dahulukan selalu KA,menerobos Perlintasan Kereta yg telah memberikan isyarat utk berhenti dpt berakibat kecelakaan. https://t.co/oVZlVjJk7K",F
6.83943E+17,"Dahulukan selalu KA,menerobos Perlintasan Kereta yg telah memberikan isyarat utk berhenti dpt berakibat kecelakaan. https://t.co/Q8vsMvuX2E",F
6.83943E+17,"Bagi Pemotor hindari penggunaan Jas hujan Ponco,krn kerap terjadi kecelakaan akibat Ponco tersangkut roda belakang. https://t.co/RS7RMSvqKq",F
6.83885E+17,"12.39 Tol_Japek Tambun - Cikarang Barat KM 28 PADAT, dampak SELESAI PENANGANAN kecelakaan.",T
6.83878E+17,"12.09 Tol_Japek Tambun - Cikarang Barat KM 28 PADAT, penanganan kecelakaan. https://t.co/dEZLcX0NeF",T
6.8123E+17,"Dahulukan selalu KA,menerobos Perlintasan Kereta yg telah memberikan isyarat utk berhenti dpt berakibat kecelakaan. https://t.co/50p5ANfjxp",F
6.80726E+17,"Dahulukan selalu KA,menerobos Perlintasan Kereta yg telah memberikan isyarat utk berhenti dpt berakibat kecelakaan. https://t.co/udrxAQtUbJ",F
6.77996E+17,"Bagi Pemotor hindari penggunaan Jas hujan Ponco, krn kerap terjadi kecelakaan akibat Ponco tersangkut roda belakang. https://t.co/9FQtaY4Qh7",F
6.7788E+17,"Jangan mengemudikan kendaraan dalam kondisi mabuk atau terpengaruh minuman keras/Narkoba, karena rawan kecelakaan. https://t.co/VPektLkEOG",F
6.77403E+17,"15.20 Tol_Japek Cikarang Timur - Cibatu KM 35+600 PADAT, dampak SELESAI PENANGANAN kecelakaan. https://t.co/hs2DGUBkvc",T
6.77367E+17,"Bagi Pemotor hindari penggunaan Jas hujan Ponco, krn kerap terjadi kecelakaan akibat Ponco tersangkut roda belakang. https://t.co/Gk773VqAPW",F
6.77315E+17,"Dahulukan selalu KA,menerobos Perlintasan Kereta yg telah memberikan isyarat utk berhenti dpt berakibat kecelakaan. https://t.co/SyyqLqQksR",F
6.76951E+17,"Bagi Pemotor hindari penggunaan Jas hujan Ponco, krn kerap terjadi kecelakaan akibat Ponco tersangkut roda belakang. https://t.co/wPMPM5x3dX",F
6.75692E+17,"Dahulukan selalu KA, menerobos Perlintasan Kereta yg telah memberikan isyarat utk berhenti dpt berakibat kecelakaan. https://t.co/j6jsKdAO4S",F
6.75271E+17,"Bagi Pemotor hindari penggunaan Jas hujan Ponco, krn kerap terjadi kecelakaan akibat Ponco tersangkut roda blkg. https://t.co/QRH1INvgrp",F
6.75135E+17,"Dahulukan selalu KA, menerobos Perlintasan Kereta yg telah memberikan isyarat utk berhenti dpt berakibat kecelakaan. https://t.co/AShiyAuNQC",F
6.74744E+17,"Dahulukan selalu KA, menerobos Perlintasan Kereta yg telah memberikan isyarat utk berhenti dpt berakibat kecelakaan. https://t.co/VIs5YGsGpy",F
6.74587E+17,"Dahulukan selalu KA,menerobos Perlintasan kereta yg telah memberikan isyarat utk berhenti dpt berakibat kecelakaan. https://t.co/pntn8RCPL7",F
6.72915E+17,"05:38 Imbas penanganan kecelakaan Toyota Yaris di KM 42, Tol Cikarang (KM 30) arahke Cikampek padat @satu_portal https://t.co/7tC5kOsxmj",T
6.72561E+17,Jgn menggunakan #earphones saat mengendarai spd motor mendengarkan musik krn mengganggu konsentrasi rawan kecelakaan https://t.co/VM9BLfrmhA,F
6.71956E+17,Jgn menggunakan #earphones saat mengendarai spd motor mendengarkan musik krn mengganggu konsentrasi rawan kecelakaan https://t.co/pTnYzULv74,F
6.71904E+17,"Gunakan jalur sesuai ketentuan, jangan melawan arus krn rawan kecelakaan. Kesadaran kita keselamatan semua. https://t.co/zNpkHbhPAn",F
6.69307E+17,Jgn menggunakan #earphones saat mengendarai spd motor mendengarkan musik krn mengganggu konsentrasi rawan kecelakaan https://t.co/lGgh5ubkOw,F
6.69153E+17,"Gunakan jalur sesuai ketentuan, jangan melawan arus krn rawan kecelakaan. Kesadaran kita keselamatan semua. https://t.co/1WUJG7ubG1",F
6.68736E+17,"Gunakan jalur sesuai ketentuan, jangan melawan arus krn rawan kecelakaan. Kesadaran kita keselamatan semua. https://t.co/xtolsmCdbc",F
6.68729E+17,Jgn menggunakan #earphones saat mengendarai spd motor mendengarkan musik krn mengganggu konsentrasi rawan kecelakaan https://t.co/hahgTNnlVP,F
6.66442E+17,"Gunakan jalur sesuai ketentuan, jangan melawan arus krn rawan kecelakaan. Kesadaran kita keselamatan semua. https://t.co/5gxEDgH3FZ",F
6.64956E+17,"06.59 Tol_Japek Tambun - Cibitung KM 24 PADAT, ada kecelakaan di pinggir jalan tol/kiri.",T
6.64944E+17,"Dahulukan selalu KA, menerobos Perlintasan Kereta yg telah memberikan isyarat utk berhenti dpt berakibat kecelakaan. https://t.co/6sjZduAzly",F
6.64943E+17,"Gunakan jalur sesuai ketentuan, jangan melawan arus krn rawan kecelakaan. Kesadaran kita keselamatan semua. https://t.co/kSBzcTlQPI",F
6.64943E+17,06.08 Tol_Japek Tambun - Bekasi Barat KM 13 PADATarah jakarta ada penaganan kecelakaan di lajur darurat/kiri.,T
6.64943E+17,"06.07 Tol_Japek Menjelang Cibitung KM 24 arah Cikampek PADAT, ada kecelakaan di pinggir jalan tol/kiri.",T
6.64814E+17,Jgn menggunakan #earphones saat mengendarai spd motor mendengarkan musik krn mengganggu konsentrasi rawan kecelakaan https://t.co/YmTrK4KQpm,F
