7.65699E+17,info telah terjadi kecelakaan tabrak lari di jl Arif rahman hakim Malang Korban adalah petugas kebersihan jalan ,T
7.65699E+17, kecelakaan beruntun di km tol jakarta tangerang lalin ramlan ,T
7.65698E+17, NTMC Gunakan jalur sesuai ketentuan jangan melawan arus krn rawan kecelakaan Kesadaran kita keselamatan semua ,F
7.65696E+17, NTMC Gunakan jalur sesuai ketentuan jangan melawan arus krn rawan kecelakaan Kesadaran kita keselamatan semua ,F
7.65696E+17,Gunakan jalur sesuai ketentuan jangan melawan arus krn rawan kecelakaan Kesadaran kita keselamatan semua ,F
7.65692E+17,Jangan Nyetir Sambil Telp BroSis Resiko Kecelakaan Meningkat Hingga  Mending Parkir di Pinggir Bentar Trus Telp,F
7.65689E+17,lewatmane tol mms Melihat Kecelakaan Kendaraan Mogok Hub Info Tol amp Bantuan tol mms  ,F
7.65689E+17,Musik beraliran heavy metal yg diputar slama brkendara mmbuat pengemudi menyetir lbh ngebut dan mendpt kecelakaan Psikolog di London Univ,F
7.65688E+17,Studi yang dilakukan oleh sebuah perusahaan asuransi di Inggris menuturkan pakaian minim meningkatkan angka kecelakaan ,F
7.65687E+17,LUCU Kecelakaan Yang Paling Ajaib Sepanjang Masa ,F
7.65687E+17,Video LUCU Kecelakaan Yg Sangat Koplak ,F
7.65686E+17,Melihat Kecelakaan Kendaraan Mogok Hub Info Tol amp Bantuan tol mms  ,F
7.65685E+17,  WIB Tol Janger Tomang Karang Tengah Tangerang Bitung LANCAR Kedoya Kb Jeruk PADAT dampak SELESAI penanganan kecelakaan ,T
7.65684E+17,terhindar insya Allah dari kecelakaan dan disiplin juga adalah ibadah ,F
7.65682E+17,korban penipuan mah ga sakit korban kecelakaan juga biasa tpi kalo jdi korban perasaan kmu itu rasanya sakit bgt  ,F
7.65681E+17,korban penipuan gak sakit korban kecelakaan juga biasa ,F
7.65679E+17,Manfaat Memiliki Asuransi Kecelakaan ,F
7.65676E+17,Vitamin D dpt mempercepat penyembuhan luka seperti luka akibat tergores kecelakaan atau luka akibat infeksi dan peradangan di wajah,F
7.65676E+17,Terjadi kecelakaan di tol depan esa unggul jakarta Belum ada penanganan ,T
7.65675E+17, AutoTweetByTonnyGanteng Lebih banyak kecelakaan kereta api dibandingkan dengan kecelakaan pesawat terbang ,F
7.65674E+17,Kurang tidur selama  jam meningkatkan kemungkinan kecelakaan lalu lintas sebanyak  persen ,F
7.65672E+17,LUCU Kecelakaan Yang Paling Ajaib Sepanjang Masa ,F
7.65672E+17,Orang yang mengemudi sambil mengetik SMS memiliki risiko  kali lebih besar mengalami kecelakaan ,F
7.65671E+17,aaa tadi malam gak nonton sampe selesai sih  ketiduran di depan tv Nonton cuma sampe pas mereka kecelakaan doang  kan ketinggalan cerita,F
7.65671E+17,Aku buat ngerapihin tapi ga ngefek rahang habis kecelakaan parah kalau mau bener jaw surgery dulu wkwkwkw ,F
7.65666E+17,Pada  Desember  Hyosung mengalami kecelakaan dan mengalami cedera serius tetapi Zinger mendapat luka paling serius,F
7.65661E+17,Anak Kecil Hidup Dari Kecelakaan Maut melalui ,F
7.65657E+17,Kecelakaan pembunuhan perampokan ada di sekitarkita Haruskah Kita TAKUThub  Pin BB CCDC,F
7.65653E+17,lewatmane tol mms Melihat Kecelakaan Kendaraan Mogok Hub Info Tol amp Bantuan tol mms  ,F
7.65649E+17,Video LUCU Kecelakaan Yg Sangat Koplak ,F
7.65649E+17,LUCU Kecelakaan Yang Paling Ajaib Sepanjang Masa ,F
7.65649E+17, Tips Asuransi  Kasus Kecelakaan Si Dul Apakah di Asuransi Allianz akan Ditanggung ,F
7.65647E+17,Kecelakaan Ini yang Disampaikan Wakapolres Gumas Sebelum Meninggal infoKALTENG,F
7.65645E+17,Melihat Kecelakaan Kendaraan Mogok Hub Info Tol amp Bantuan tol mms  ,F
7.65643E+17,Seorang pengemudi pesawat sangat ringan terpaksa berada di atas pohon selama  jam tempat dia mengalami kecelakaan ,F
7.65637E+17,korban penipuan mah ga sakit korban kecelakaan juga biasa tpi kalo jdi korban perasaan kmu itu rasaa sakit bngt  ,F
7.65634E+17,Terhindar dri semua bahaya kecelakaan n kejahatan Ikuti Pembangkitan Energi Haq dri dlm diri sendiri Praktis n mudah hanya  jam saja ,F
7.65634E+17,Untuk mengurangi angka kecelakaan balap moto GP pihak panitia membuat polisi tidur di setiap lintasan ,F
7.65634E+17,LUCU Kecelakaan Yang Paling Ajaib Sepanjang Masa ,F
7.65633E+17,LUCU Kecelakaan Yang Paling Ajaib Sepanjang Masa ,F
7.65633E+17,Aku juga ikut Terharu saat teman ku mengalami kecelkaan ternyata begini rasanya kecelakaan ,F
7.65632E+17, Orang Tewas dalam Kecelakaan Bus di Mesir ,F
7.65632E+17,Legi kecelakaan di Talun Agustusan dll Namun sy sangat mengapresiasi tumbuhnya kesadaran amp semangat netizen terus berbagi info  end,F
7.65631E+17,Allah buka satu persatu kecurangan dan kebohongannya kecelakaan sejarah bagi indonesia jangan pernah terulang lagi ,F
7.65631E+17,VIDEO Kecelakaan Maut ,F
7.65629E+17,PTJASAMARGA   WIB Tol CTC Pluit KM  dari arah Angke ke arah Jembatan  SUDAH BISA DILINTASI ada penanganan kecelakaan ,T
7.65629E+17,Kecelakaan Maut ,F
7.65629E+17,VIDEO Kecelakaan Maut ,F
7.65628E+17,korban penipuan gak sakit korban kecelakaan juga biasa ,F
7.65628E+17,  WIB Tol CTC Pluit KM  dari arah Angke ke arah Jembatan  SUDAH BISA DILINTASI ada penanganan kecelakaan ,T
7.65627E+17,  Jasamarga TolDalkot Pluit KM  dari arah Angke ke arah Jembatan  tertutup ada kecelakaan ,T
7.65627E+17,  Jasamarga Kecelakaan Kr Pajero melintang menutup Jalur arah Jembatan  di Pluit KM  arah Jembatan  dari arah Angke ,T
7.65627E+17,Gue pikir gue ada trauma setelah kecelakaan kemarin Ternyata sekarang deg degan kalau nyetir terus berhenti di lampu merah ,F
7.65626E+17,LUCU Kecelakaan Yang Paling Ajaib Sepanjang Masa ,F
7.65626E+17, Kesempatan tak lagi bisa diubah saat trjadi kecelakaan bahaya mngancam nyawa ,F
7.65626E+17,PTJASAMARGA   WIB Tol CTC Pluit KM  dari arah Angke ke arah Jembatan  TERTUTUP ada kecelakaan ,T
7.65626E+17,LUCU Kecelakaan Yang Paling Ajaib Sepanjang Masa ,F
7.65625E+17,  WIB Tol CTC Pluit KM  dari arah Angke ke arah Jembatan  TERTUTUP ada kecelakaan ,T
7.65624E+17,Tingkat kecelakaan di Dubai menurun  persen saat server global Blackberry lumpuh Survei The National,F
7.65624E+17,Kembar kecelakaan pulang dari meruyaa yaalah kepikiran belom ada kabar juga motor aja ampe begitu ,F
7.65623E+17,Mengantuk Niat Berangkat Kerja Malah Masuk Sungai Kecelakaan Surabaya ,T
7.65623E+17,Metro TV  Tewas dalam Kecelakaan Bus di Nepal ,F
7.65621E+17, Tewas dalam Kecelakaan Bus di Nepal ,F
7.6562E+17,Mas abis kecelakaan ya  Ngga kok mba ngomong gitu  Itu mukanya penyok penyok   ,F
7.65619E+17,LUCU Kecelakaan Yang Paling Ajaib Sepanjang Masa ,F
7.65619E+17,LUCU Kecelakaan Yang Paling Ajaib Sepanjang Masa ,F
7.65618E+17, Kecelakaan Balap Mobil Paling Parah Dalam Sejarah HotThread,F
7.65618E+17,akibat buru buru jadi mengalami kecelakaan kecil ,F
7.65618E+17,Ternyata ada kecelakaan,F
7.65618E+17,Mobil Kodim  Terguling  anggota TNI Kritis Kecelakaan Malang ,T
7.65617E+17,Ini bukan kecelakaan  Conan Edogawa,F
7.65617E+17,Kecelakaan yang besarlah pada hari itu bagi orang orang yang mendustakan   ,F
7.65616E+17,Kecelakaan yang besarlah pada hari itu bagi orang orang yang mendustakan   ,F
7.65615E+17,Kecelakaan yang besarlah pada hari itu bagi orang orang yang mendustakan   ,F
7.65614E+17,Energi Haq meningkatkan KUALITAS Keselamatan dari bahaya kecelakaan n kejahatan yg TAK PERNAH DIDUGA tubuhmanusiahebat,F
7.65612E+17,Studi yang dilakukan oleh sebuah perusahaan asuransi di Inggris menuturkan pakaian minim meningkatkan angka kecelakaan ,F
7.65612E+17,Studi yang dilakukan oleh sebuah perusahaan asuransi di Inggris menuturkan pakaian minim meningkatkan angka kecelakaan ,F
7.65612E+17,Studi yang dilakukan oleh sebuah perusahaan asuransi di Inggris menuturkan pakaian minim meningkatkan angka kecelakaan ,F
7.65612E+17,Studi yang dilakukan oleh sebuah perusahaan asuransi di Inggris menuturkan pakaian minim meningkatkan angka kecelakaan ,F
7.65612E+17,Studi yang dilakukan oleh sebuah perusahaan asuransi di Inggris menuturkan pakaian minim meningkatkan angka kecelakaan ,F
7.65611E+17,Studi yang dilakukan oleh sebuah perusahaan asuransi di Inggris menuturkan pakaian minim meningkatkan angka kecelakaan ,F
7.65611E+17,Studi yang dilakukan oleh sebuah perusahaan asuransi di Inggris menuturkan pakaian minim meningkatkan angka kecelakaan ,F
7.65611E+17,Studi yang dilakukan oleh sebuah perusahaan asuransi di Inggris menuturkan pakaian minim meningkatkan angka kecelakaan ,F
7.65611E+17,Studi yang dilakukan oleh sebuah perusahaan asuransi di Inggris menuturkan pakaian minim meningkatkan angka kecelakaan ,F
7.65611E+17,Studi yang dilakukan oleh sebuah perusahaan asuransi di Inggris menuturkan pakaian minim meningkatkan angka kecelakaan ,F
7.65611E+17,Studi yang dilakukan oleh sebuah perusahaan asuransi di Inggris menuturkan pakaian minim meningkatkan angka kecelakaan ,F
7.65611E+17,Studi yang dilakukan oleh sebuah perusahaan asuransi di Inggris menuturkan pakaian minim meningkatkan angka kecelakaan ,F
7.65611E+17,Studi yang dilakukan oleh sebuah perusahaan asuransi di Inggris menuturkan pakaian minim meningkatkan angka kecelakaan ,F
7.65611E+17,Studi yang dilakukan oleh sebuah perusahaan asuransi di Inggris menuturkan pakaian minim meningkatkan angka kecelakaan ,F
7.65611E+17,Studi yang dilakukan oleh sebuah perusahaan asuransi di Inggris menuturkan pakaian minim meningkatkan angka kecelakaan ,F
7.65611E+17,Studi yang dilakukan oleh sebuah perusahaan asuransi di Inggris menuturkan pakaian minim meningkatkan angka kecelakaan ,F
