763782275041337344,Kecelakaan Kereta Api Kepala Ombudsman Jateng Disaksikan AnakAnak Kecelakaan ma 
763782249456119808,RT KECELAKAAN DEMAK Ketua Ombudsman Jateng Tewas Setelah Ungkap Siswa Siluman 
763782058690744320,Kecelakaan Kereta Api Kepala Ombudsman Jateng Disaksikan AnakAnak 
763781854684065792,RT Jangan mengemudikan kendaraan dalam kondisi mabuk atau terpengaruh minuman kerasNarkoba karena rawan kecelakaan https
763781826645069829,Kecelakaan Kereta Api Kepala Ombudsman Jateng Disaksikan AnakAnak 
763781811570741248,RT Jangan mengemudikan kendaraan dalam kondisi mabuk atau terpengaruh minuman kerasNarkoba karena rawan kecelakaan https
763781801210843136,Bus Kecelakaan di Tol Bekasi Barat Seperti Ini Kondisi Pemain Persib Bandung 
763781545362464769,Insiden ini menambah angka kecelakaan industri yang terjadi setiap tahun di China Hal ini menimbulkan pertan 
763781535891722241,Heartchz Insiden ini menambah angka kecelakaan industri yang terjadi setiap tahun di China Hal ini meni FB
763781520217649152,Pembangkit Listrik di China Meledak  Pekerja Tewas Insiden ini menambah angka kecelakaan industri yang te 
763781378664075264,Matthree Insiden ini menambah angka kecelakaan industri yang terjadi setiap tahun di China Hal ini meni FB
763781306035478529,KECELAKAAN DEMAK Ketua Ombudsman Jateng Tewas Setelah Ungkap Siswa Siluman 
763781303523155968,KECELAKAAN DEMAK Ketua Ombudsman Jateng Tewas Setelah Ungkap Siswa Siluman 
763781218454401024,KECELAKAAN DEMAK Ketua Ombudsman Jateng Tewas Setelah Ungkap Siswa Siluman 
763781193120702466,RT Jangan mengemudikan kendaraan dalam kondisi mabuk atau terpengaruh minuman kerasNarkoba karena rawan kecelakaan https
763781155418087425, kecelakaan dmn Turut berduka cita ya mi yg sabar ya
763781155078467588,Pemakaian handphone saat mengemudi adalah penyebab sekitar  persen kecelakaan lalu lintas HopkinsMed
763781143321714689,Bus Rombongan Pemain Persib Kecelakaan 
763780965747392514,RT Jangan mengemudikan kendaraan dalam kondisi mabuk atau terpengaruh minuman kerasNarkoba karena rawan kecelakaan https
763780823321448449,Jangan mengemudikan kendaraan dalam kondisi mabuk atau terpengaruh minuman kerasNarkoba karena rawan kecelakaan 
763780500112613377,Kecelakaan diri Kesehatan Personal Accident and Health wealthywithasimas
763779982086680577, iya dia mi kecelakaan miii
763779957424164865,Cegah Kecelakaan Anakanak Lewat Pendidikan 
763779776234434562,Pemakaian handphone saat mengemudi adalah penyebab sekitar  persen kecelakaan lalu lintas HopkinsMed
763779530079084544,korban penipuan mah ga sakit korban kecelakaan juga biasa tpi kalo jdi korban perasaan kmu itu rasanya sakit bgt 
763779509782929408, kategori asuransi sinar mas
kecelakaan diri
kesehatan
personal accident and health wealthywithasimas
763778576160129024,RT Hati nyuci mobil dengan sistem hidrolik Dalam  hari terjadi  kecelakaan mobil jatuh di lokasi berbeda 
763777572916256768,Truk vs Avanza Seorang Anggota TNI AU Tewas Kecelakaan maut antara truk vs Avanza membuat seorang anggota T 
763777563235799040,Jatuhcinta itu kecelakaan Tp untuk tetap hidup brsama dlm cinta adalah kputusan yg logis MarioTeguh
763777346289532928,tiga kategori tersebut adalahkecelakaan diri  kesehatan  Personal Accident and Health wealthywithasimas
763777216773664768,RT Hati nyuci mobil dengan sistem hidrolik Dalam  hari terjadi  kecelakaan mobil jatuh di lokasi berbeda 
763777157394903040,Truk vs Avanza Seorang Anggota TNI AU Tewas Kecelakaan maut antara truk vs Avanza membuat seorang anggota T 
763776798618324992,Bus Kecelakaan di Tol Bekasi Barat Seperti Ini Kondisi Pemain Persib Bandung via 
763776769832824833, iyangasihnya puluhan lembar amp baru kemarinnya Ibu jilbabanudah tua Pas gue kelas itu org kecelakaan parah Masuk jd baek
763776615658590208,Kirain Gara Di Usir  Rem Blong Bus Skuat Persib Alami Kecelakaan di Bekasi Barat via 
763776580996861952,Kecelakaan diri Kesehatan Personal Accident and Health wealthywithasimas
763776325354070016,RT Kecelakaan Beruntun di Arteri  Orang Tewas Dihantam Truk via 
763776108886044673,RT INI KESAKSIAN KIM SAAT TERJADI KECELAKAAN BUS PERSIB BOBOTOH PERSIB lewat 
763775860713283584,Truk vs Avanza Seorang Anggota TNI AU Tewas Kecelakaan maut antara truk vs Avanza membuat seorang anggota T 
763775828249284608,Truk vs Avanza Seorang Anggota TNI AU Tewas Kecelakaan maut antara truk vs Avanza membuat seorang anggota T 
763775788521054213,KECELAKAAN LALU LINTAS Jumlah Kasus Naik  Dibanding Tahun  
763775780136493056,Truk vs Avanza Seorang Anggota TNI AU Tewas Kecelakaan maut antara truk vs Avanza membuat seorang anggota T 
763775753259319298,Truk vs Avanza Seorang Anggota TNI AU Tewas Kecelakaan maut antara truk vs Avanza membuat seorang anggota T 
763775691863142401,Truk vs Avanza Seorang Anggota TNI AU Tewas Kecelakaan maut antara truk vs Avanza membuat seorang anggota T 
763775622585786370,Kecelakaan maut antara truk vs Avanza membuat seorang anggota TNI AU tewas 
763775598829318144,Truk vs Avanza Seorang Anggota TNI AU Tewas Kecelakaan maut antara truk vs Avanza membuat seorang anggota T 
763775573189459968,Okezone Truk vs Avanza Seorang Anggota TNI AU Tewas Kecelakaan maut antara truk vs Avanza membuat seorang 
763775471548891138,Truk vs Avanza Seorang Anggota TNI AU Tewas Kecelakaan maut antara truk vs Avanza membuat seorang anggota T 
763775418012798980,Truk vs Avanza Seorang Anggota TNI AU Tewas Kecelakaan maut antara truk vs Avanza membuat seorang anggota TNI AU tewas
763775405534900225,Benahi Perlintasan Sebidang Rawan Kecelakaan 
763775398903590912,Truk vs Avanza Seorang Anggota TNI AU Tewas Kecelakaan maut antara truk vs Avanza membuat seorang anggota T 
763775381115576320,Kompas News Truk vs Avanza Seorang Anggota TNI AU Tewas Kecelakaan maut antara truk vs Avanza membuat seo 
763775354339139584,Kompas News Truk vs Avanza Seorang Anggota TNI AU Tewas Kecelakaan maut antara truk vs Avanza membuat seo 
763775326421778432,Truk vs Avanza Seorang Anggota TNI AU Tewas Kecelakaan maut antara truk vs Avanza membuat seorang anggota T 
763775315063640064,Truk vs Avanza Seorang Anggota TNI AU Tewas Kecelakaan maut antara truk vs Avanza membuat seorang anggota T 
763775295304400897,KECELAKAAN DEMAK Begini Kronologi Meninggalnya Kepala Perwakilan Ombudsman Jateng InfoSmg
763775234893680640,Truk vs Avanza Seorang Anggota TNI AU Tewas Kecelakaan maut antara truk vs Avanza membuat seorang anggota T 
763775187816820736,Truk vs Avanza Seorang Anggota TNI AU Tewas Kecelakaan maut antara truk vs Avanza membuat seorang anggota T 
763775043734081537,Berita Truk vs Avanza Seorang Anggota TNI AU Tewas Kecelakaan maut antara truk vs Avanza membuat seorang a 
763775034926112769,Truk vs Avanza Seorang Anggota TNI AU Tewas Kecelakaan maut antara truk vs Avanza membuat seorang anggota T 
763775020686462976,Truk vs Avanza Seorang Anggota TNI AU Tewas Kecelakaan maut antara truk vs Avanza membuat seorang anggota T 
763775015162515456,Bus Bawa Pemain Persib Bandung Kecelakaan di Tol JKTCikampek 
763774898799910913,Truk vs Avanza Seorang Anggota TNI AU Tewas Kecelakaan maut antara truk vs Avanza membuat seorang anggota T 
763774848245993473,Truk vs Avanza Seorang Anggota TNI AU Tewas Kecelakaan maut antara truk vs Avanza membuat seorang anggota T 
763774833909870593,okezone Truk vs Avanza Seorang Anggota TNI AU Tewas Kecelakaan maut antara truk vs Avanza membuat seorang 
763774692104638464,Truk vs Avanza Seorang Anggota TNI AU Tewas Kecelakaan maut antara truk vs Avan 
763774419328114691,Selama ni duk pikir drama apa la W ni Tadi secara tak langsung tertonton sekali dgn MIL Kecelakaan minda kejap tengok drama tu 
763773227080425476,RT Hati nyuci mobil dengan sistem hidrolik Dalam  hari terjadi  kecelakaan mobil jatuh di lokasi berbeda 
763771727763472384,Wali Kota Pekalongan kecelakaan mobil Camry ringsek dihantamÂ truk 
763771393565601793,RT Rem Bermasalah Bis Persib Alami Kecelakaan UpdateTB
763770798935052288,KECELAKAAN LALU LINTAS Jumlah Kasus Naik  Dibanding Tahun  
763770798909825025,KECELAKAAN LALU LINTAS Jumlah Kasus Naik  Dibanding Tahun  
763770798888935424,KECELAKAAN LALU LINTAS Jumlah Kasus Naik  Dibanding Tahun  
